-- إضافة بيانات تجريبية

-- إضافة مستخدمين (دكاترة وطلاب)
INSERT INTO users (id, name, email, password, role) VALUES
  ('00000000-0000-0000-0000-000000000001', 'د. أحمد محمد', 'ahmed@raya.edu', 'password123', 'doctor'),
  ('00000000-0000-0000-0000-000000000002', 'د. سارة علي', 'sara@raya.edu', 'password123', 'doctor'),
  ('00000000-0000-0000-0000-000000000003', 'محمد إبراهيم', 'mohamed@raya.edu', 'password123', 'student'),
  ('00000000-0000-0000-0000-000000000004', 'فاطمة أحمد', 'fatma@raya.edu', 'password123', 'student'),
  ('00000000-0000-0000-0000-000000000005', 'عمر خالد', 'omar@raya.edu', 'password123', 'student'),
  ('00000000-0000-0000-0000-000000000006', 'نور حسن', 'nour@raya.edu', 'password123', 'student'),
  ('00000000-0000-0000-0000-000000000007', 'خالد محمود', 'khaled@raya.edu', 'password123', 'student');

-- إضافة دورات
INSERT INTO courses (id, name, doctor_id) VALUES
  ('00000000-0000-0000-0000-000000000010', 'برمجة الويب المتقدمة', '00000000-0000-0000-0000-000000000001'),
  ('00000000-0000-0000-0000-000000000011', 'قواعد البيانات', '00000000-0000-0000-0000-000000000001'),
  ('00000000-0000-0000-0000-000000000012', 'الذكاء الاصطناعي', '00000000-0000-0000-0000-000000000002');

-- ربط الطلاب بالدورات
INSERT INTO course_students (course_id, student_id) VALUES
  ('00000000-0000-0000-0000-000000000010', '00000000-0000-0000-0000-000000000003'),
  ('00000000-0000-0000-0000-000000000010', '00000000-0000-0000-0000-000000000004'),
  ('00000000-0000-0000-0000-000000000010', '00000000-0000-0000-0000-000000000005'),
  ('00000000-0000-0000-0000-000000000011', '00000000-0000-0000-0000-000000000003'),
  ('00000000-0000-0000-0000-000000000011', '00000000-0000-0000-0000-000000000006'),
  ('00000000-0000-0000-0000-000000000012', '00000000-0000-0000-0000-000000000004'),
  ('00000000-0000-0000-0000-000000000012', '00000000-0000-0000-0000-000000000005'),
  ('00000000-0000-0000-0000-000000000012', '00000000-0000-0000-0000-000000000007');

-- إضافة سجلات حضور
INSERT INTO attendance (student_id, course_id, date, status) VALUES
  ('00000000-0000-0000-0000-000000000003', '00000000-0000-0000-0000-000000000010', CURRENT_DATE - INTERVAL '7 days', 'present'),
  ('00000000-0000-0000-0000-000000000004', '00000000-0000-0000-0000-000000000010', CURRENT_DATE - INTERVAL '7 days', 'present'),
  ('00000000-0000-0000-0000-000000000005', '00000000-0000-0000-0000-000000000010', CURRENT_DATE - INTERVAL '7 days', 'absent'),
  
  ('00000000-0000-0000-0000-000000000003', '00000000-0000-0000-0000-000000000010', CURRENT_DATE - INTERVAL '3 days', 'present'),
  ('00000000-0000-0000-0000-000000000004', '00000000-0000-0000-0000-000000000010', CURRENT_DATE - INTERVAL '3 days', 'late'),
  ('00000000-0000-0000-0000-000000000005', '00000000-0000-0000-0000-000000000010', CURRENT_DATE - INTERVAL '3 days', 'present'),
  
  ('00000000-0000-0000-0000-000000000003', '00000000-0000-0000-0000-000000000011', CURRENT_DATE - INTERVAL '2 days', 'present'),
  ('00000000-0000-0000-0000-000000000006', '00000000-0000-0000-0000-000000000011', CURRENT_DATE - INTERVAL '2 days', 'absent'),
  
  ('00000000-0000-0000-0000-000000000004', '00000000-0000-0000-0000-000000000012', CURRENT_DATE - INTERVAL '1 day', 'present'),
  ('00000000-0000-0000-0000-000000000005', '00000000-0000-0000-0000-000000000012', CURRENT_DATE - INTERVAL '1 day', 'present'),
  ('00000000-0000-0000-0000-000000000007', '00000000-0000-0000-0000-000000000012', CURRENT_DATE - INTERVAL '1 day', 'late');

